addrcode,SMAPE without ST,SMAPE with ST,% improve SMAPE,RMSE without ST,RMSE with ST,% improvve RMSE,MAE without ST,MAE with ST,% improve MAE
8101,43.5371697902684,47.617584086801216,-0.09372254366072472,0.39204105154648733,0.49993051831283314,-0.2751994117471969,0.2792567845262847,0.3780922971704472,-0.35392340713161685
8102,105.86390641366276,100.668508660178,0.0490761953671326,0.08298240614332834,0.06962983259376902,0.16090848855956977,0.07077337566169818,0.05586085818489201,0.21070801466485187
8103,86.63562069237597,87.31992108927022,-0.007898603269942031,0.3254762650010005,0.34386462159561754,-0.05649676665227952,0.26391272195666277,0.2800523207872071,-0.06115506183591492
8104,57.398758964869465,60.13300629778114,-0.047636000886101905,0.19388004116609617,0.19542920113841758,-0.00799030144105578,0.15595948926189493,0.16347350916608636,-0.0481793056629822
8105,109.81759635069837,121.75062990772919,-0.10866230871529123,0.17446795496809955,0.19893834833660595,-0.14025723734184117,0.13689598733261346,0.17098560800165213,-0.24901840684498516
8106,164.44457034339038,169.74065858248625,-0.03220591733759688,0.13954211518002335,0.10778874067015082,0.22755405756109895,0.12840516521998072,0.09217559754653427,0.28215039178041473
8107,94.10023950772573,89.78477466461742,0.04586029605965043,0.25978846206984924,0.24939575845579975,0.04000448492302633,0.20676863737382753,0.18471086371313403,0.10667852697996037
8108,104.07875404534359,108.38337312572718,-0.04135924877144678,0.13312448963405848,0.14162255789893477,-0.063835499300214,0.11202129010151199,0.11634127820896774,-0.0385639917513987
