addrcode,SMAPE without ST,SMAPE with ST,% improve SMAPE,RMSE without ST,RMSE with ST,% improvve RMSE,MAE without ST,MAE with ST,% improve MAE
8101,43.5371697902684,46.881426886967,-0.07681383775768814,0.39204105154648733,0.4689579498772817,-0.19619603107220449,0.2792567845262847,0.3587471412214818,-0.2846496883864076
8102,105.86390641366276,101.21888318928205,0.04387730796774398,0.08298240614332834,0.06561212154217722,0.20932490883849447,0.07077337566169818,0.0555114807588017,0.21564458046835916
8103,86.63562069237597,89.11413259000973,-0.02860846240640921,0.3254762650010005,0.3487526595607056,-0.07151487546913303,0.26391272195666277,0.28761754991334193,-0.08982070959266505
8104,57.398758964869465,57.020275923316355,0.006593923777772939,0.19388004116609617,0.19118046987575596,0.013923925712536327,0.15595948926189493,0.1565235804131414,-0.0036169081722191745
8105,109.81759635069837,119.53908018435884,-0.08852391744775835,0.17446795496809955,0.21838714454246894,-0.251732128013994,0.13689598733261346,0.18054382991230342,-0.3188394592869962
8106,164.44457034339038,169.05694441686498,-0.028048199243326282,0.13954211518002335,0.10295275597657093,0.2622101517971723,0.12840516521998072,0.09110385941278282,0.29049692622017326
8107,94.10023950772573,88.9807215586347,0.05440494068743274,0.25978846206984924,0.25015397860973926,0.03708587896224412,0.20676863737382753,0.1879215783712406,0.09115047253763332
8108,104.07875404534359,107.08998835946952,-0.028932267125469584,0.13312448963405848,0.1330128083657215,0.0008389235417464573,0.11202129010151199,0.10904146060845814,0.026600563967381332
