,addrcode,actual,predicted
0,8101,1.4761807151052633,1.2788147278050823
1,8102,0.113236968,0.15614684706044377
2,8103,1.0170048261578948,0.7361191359933911
3,8104,0.654904580368421,0.41316649194715654
4,8105,0.46045001999999996,0.4476241350889638
5,8106,0.25348438273684204,0.1747833681968858
6,8107,0.2771657036111111,0.20447858188348986
7,8108,0.17524797600000003,0.18070256999308873
