addrcode,SMAPE without ST,SMAPE with ST,% improve SMAPE,RMSE without ST,RMSE with ST,% improvve RMSE,MAE without ST,MAE with ST,% improve MAE
8101,43.5371697902684,56.73981914193738,-0.3032500600124009,0.39204105154648733,0.5732859760939061,-0.46231108663865816,0.2792567845262847,0.48343182797541895,-0.7311372713665135
8102,105.86390641366276,146.52465044972828,-0.3840850523424276,0.08298240614332834,0.07569466582622787,0.08782271635403036,0.07077337566169818,0.054680978225030916,0.22737925506888468
8103,86.63562069237597,87.91871026147207,-0.014810184989059807,0.3254762650010005,0.34129402691993377,-0.0485988184695576,0.26391272195666277,0.2838347170936846,-0.07548705871137659
8104,57.398758964869465,65.43633255380097,-0.14003044201444922,0.19388004116609617,0.2479584096002015,-0.2789269494108299,0.15595948926189493,0.18377850790225178,-0.17837336331386525
8105,109.81759635069837,153.27232860786168,-0.39569917482433564,0.17446795496809955,0.18345484586664523,-0.051510266743190064,0.13689598733261346,0.13113505002100198,0.042082587107642865
8106,164.44457034339038,174.6929583962965,-0.06232123098686443,0.13954211518002335,0.14398815829573225,-0.031861657750945335,0.12840516521998072,0.08061768347820847,0.3721616779192944
8107,94.10023950772573,119.71892245617887,-0.27224886017797884,0.25978846206984924,0.3113140064535852,-0.1983365387870163,0.20676863737382753,0.2578726450688844,-0.24715550841815215
8108,104.07875404534359,136.98717550825413,-0.31618769618027376,0.13312448963405848,0.14610818450427798,-0.09753047621748596,0.11202129010151199,0.1096930819442653,0.020783622069848504
