addrcode,SMAPE without ST,SMAPE with ST,% improve SMAPE,RMSE without ST,RMSE with ST,% improvve RMSE,MAE without ST,MAE with ST,% improve MAE
8101,43.5371697902684,53.50002747725066,-0.22883567615847178,0.39204105154648733,0.540530065733975,-0.3787588406921722,0.2792567845262847,0.447056793916926,-0.6008806900619715
8102,105.86390641366276,139.80302736669023,-0.3205919949752326,0.08298240614332834,0.06904521256056381,0.16795359679848304,0.07077337566169818,0.05254924608849804,0.25749979286437863
8103,86.63562069237597,85.25707717835267,0.015911971346268722,0.3254762650010005,0.33318456125450463,-0.023683128640671892,0.26391272195666277,0.2724158582755242,-0.032219501416296877
8104,57.398758964869465,75.45846840274692,-0.31463588696979977,0.19388004116609617,0.2670497985280269,-0.3773970591395044,0.15595948926189493,0.20688824680565018,-0.32655119470308824
8105,109.81759635069837,136.22052748127808,-0.24042532351794468,0.17446795496809955,0.1877559603887013,-0.07616301470967189,0.13689598733261346,0.13405761894558263,0.020733758836440578
8106,164.44457034339038,180.98303079087088,-0.10057164193956157,0.13954211518002335,0.12883837271602508,0.07670617899255268,0.12840516521998072,0.08169427903080496,0.3637773146364615
8107,94.10023950772573,113.28138432883497,-0.20383736451100584,0.25978846206984924,0.32918000816783666,-0.26710788287175796,0.20676863737382753,0.2632191964728949,-0.27301316010032756
8108,104.07875404534359,123.18303767515597,-0.1835560370129844,0.13312448963405848,0.1328215357463984,0.0022757186787559446,0.11202129010151199,0.0984526770740219,0.12112530586993255
