addrcode,SMAPE without ST,SMAPE with ST,% improve SMAPE,RMSE without ST,RMSE with ST,% improvve RMSE,MAE without ST,MAE with ST,% improve MAE
8101,43.5371697902684,56.77974437774616,-0.30416709793657265,0.39204105154648733,0.4629122524465434,-0.18077494849197523,0.2792567845262847,0.37138612449228586,-0.3299090481267415
8102,105.86390641366276,150.48557379409425,-0.42150029119530613,0.08298240614332834,0.08268086386217037,0.0036338098058659066,0.07077337566169818,0.06380857512278607,0.09840989600671816
8103,86.63562069237597,86.50922336102137,0.0014589533767340943,0.3254762650010005,0.31627239738264123,0.028278152996289888,0.26391272195666277,0.2520321537040855,0.04501703504285097
8104,57.398758964869465,72.12065064588343,-0.25648449455195366,0.19388004116609617,0.29287742411734446,-0.5106115222372873,0.15595948926189493,0.22802724924942666,-0.4620928186454366
8105,109.81759635069837,133.57413838102116,-0.21632728105300325,0.17446795496809955,0.18129630894644622,-0.03913815565497508,0.13689598733261346,0.12570475330693368,0.08174990548472884
8106,164.44457034339038,179.72272197186774,-0.09290760769159956,0.13954211518002335,0.13902122196097885,0.003732874611886846,0.12840516521998072,0.08749272877595518,0.31861986528295266
8107,94.10023950772573,119.24174675919782,-0.26717793050258865,0.25978846206984924,0.3174336754074591,-0.22189289269556092,0.20676863737382753,0.2565694142595626,-0.24085266275512424
8108,104.07875404534359,134.20332998721182,-0.2894402053347408,0.13312448963405848,0.16957506838188574,-0.27380821401099864,0.11202129010151199,0.12719520338972667,-0.13545561985997764
