,addrcode,DFp10000Pop
0,8101,1615.2509999999997
1,8102,289.30400000000003
2,8103,273.081
3,8104,1572.9880000000003
4,8105,1506.045
5,8106,208.579
6,8107,1432.269
7,8108,372.325
