,addrcode,DFp10000Pop
0,8001,1340.483
1,8002,763.1389999999999
2,8003,483.232
3,8004,864.0289999999999
4,8005,650.851
5,8006,659.81
6,8007,449.9070000000001
7,8008,759.843
8,8009,760.3569999999999
9,8010,361.83299999999997
10,8011,294.4
11,8012,713.038
12,8013,248.305
13,8014,673.1360000000001
14,8015,189.02
15,8016,621.439
16,8017,281.16499999999996
17,8018,113.291
18,8019,409.147
19,8020,396.557
20,8021,621.1450000000001
21,8022,246.914
22,8023,281.238
